0.0,-0.8513502804818234,-1.6485520321883937
0.0,-0.9587887704485013,-1.1601062693057131
0.0,-1.1603009326353744,-0.5378142727273449
0.0,-0.7357148615101734,-0.8909969499021224
0.0,-0.49874506522009243,-2.539898496733485
0.0,-1.7022467053628514,0.42995049035286304
0.0,-0.8531717360261584,-1.302346619626572
0.0,-0.8601684219077014,-1.4804147121691182
0.0,-0.9771051624066512,-0.40384051329328297
0.0,-0.6938301400979213,-1.9752188725628819
0.0,-0.8683190801077089,-1.2261832610640075
0.0,-0.6222391009753973,-1.2372212623208882
0.0,-0.661379963606733,-2.277624299608116
0.0,-1.3019946647347669,0.3611069468005008
0.0,-0.670484670654451,-2.281018474059045
0.0,-0.8005765235698237,-2.4034220810960765
0.0,-0.5534328224822611,-1.6944808705363212
0.0,-1.2323982924212555,0.47256322871845446
0.0,-1.1019554413147565,-0.4986175623337644
0.0,-0.7010548574591742,-2.0622507754985193
0.0,-0.681057266668155,-2.1336416047267357
0.0,-0.9404499743868969,-1.2375450062261206
0.0,-1.3951627054071616,0.061670349336570895
0.0,-1.140091325263817,-1.3834114908940665
0.0,-0.8469282267277694,-1.4831260433144675
0.0,-1.1618958728527282,-1.1393206269467555
0.0,-0.5942211216437466,-1.626470481520357
0.0,-1.0133831867689564,-1.6914099676106589
0.0,-1.3329419461584773,-0.7680070160498522
0.0,-0.8033692033764677,-1.302219952304661
0.0,-0.539694651771328,-2.405964865310724
0.0,-0.8743836833290446,-2.100891685227204
0.0,-0.8339700901169668,-1.8547746825310596
0.0,-0.9328801925036124,-1.2583911634390392
0.0,-0.30041163472944776,-4.209544494654693
0.0,-1.0541349942939706,-0.5365037463175052
0.0,-1.3113598315109294,-0.47503854437890847
0.0,-1.1339909626511038,-0.9187180745016067
0.0,-0.9171843901665786,-1.4024819748281165
0.0,-1.0534331736281235,-0.7411571192770663
0.0,-0.776741910020952,-1.5173369753953023
0.0,-1.210386699808823,0.18205616020963267
0.0,-0.8144504030209498,-1.4545354804174826
0.0,-0.989427177862656,-1.1939051130063332
0.0,-0.5609158841285181,-2.2917678720755794
0.0,-1.5440496511145345,-0.5827846343953816
0.0,-0.9468230330428031,-1.9463080564213886
0.0,-1.0216082503391009,-0.38047505023376926
0.0,-0.5562433454994063,-2.018236024616077
0.0,-1.1417442911189852,0.045767250217788824
0.0,-0.9503548005347345,-1.054879792045557
0.0,-0.8193835439535195,-1.1076374625938359
0.0,-1.095147985625272,-0.5606401960294061
0.0,-1.2626000022234112,-1.0721297200166475
0.0,-1.1580971229427848,-0.7952692464427302
0.0,-0.9368497500723896,-0.9537761394058528
0.0,-0.8340209306287582,-1.1662514643938482
0.0,-0.6061101260831823,-2.881909954015855
0.0,-1.1442681402192287,-0.5178508485741881
0.0,-0.815004914941247,-1.6418126403471867
0.0,-0.9414128487612823,-1.2825395564333406
0.0,-1.3312846711647268,-1.0164862588767127
0.0,-0.7840566797400814,-1.3170215353097139
0.0,-0.9647346349455809,-1.1669787915212677
0.0,-1.0673033806804362,-0.2794102332247743
0.0,-0.5690237501224893,-2.7129716293662005
0.0,-0.6546423480066168,-1.9314827761044677
0.0,-0.40996936547732077,-2.843139855435467
0.0,-0.9387665633351898,-1.6961334424319512
0.0,-1.310741185865889,-0.510513549399006
0.0,-1.1735420843246671,-0.7722792338661205
0.0,-1.6975083794466035,0.7782886510766875
0.0,-0.6507962689201532,-1.5985748099824209
0.0,-1.0542911851697943,-0.9091439971497639
0.0,-0.22095568522784848,-2.363531685770444
0.0,-1.3585041645816651,-0.3598123761636839
0.0,-0.6720333611686786,-2.710768982846046
0.0,-1.1565543158245704,-0.8575419467804124
0.0,-1.0310160344633188,-0.303832184464639
0.0,-1.1295843942322268,-0.1679924714812704
0.0,-0.9041007692004424,-0.3370283066497851
0.0,-0.9441046254556832,-1.595675481284609
0.0,-0.6318045807165158,-2.829337643030917
0.0,-0.9342185432682494,-1.5090150014985042
0.0,-1.322357818889067,-0.2463543462192921
0.0,-1.435945029798521,0.5052596379713084
0.0,-1.1381558584156202,0.13352471971763125
0.0,-1.3103033808206448,-0.25020691143812857
0.0,-0.7544706603119624,-2.664619163169915
0.0,-0.8636946665598308,-0.9198420707867667
0.0,-1.2607909802325603,-0.8195214107352673
0.0,-0.6882897376906182,-2.965484963787061
0.0,-1.1005558366350752,-1.44412729670471
0.0,-0.24244360859370984,-3.460069575918557
0.0,-1.485833438099142,0.03370660314262808
0.0,-1.2312187088981401,-0.04114337700591164
0.0,-0.7032561917946658,-2.1235834575668804
0.0,-1.023779706284931,-1.0547406716427918
0.0,-1.0900401964843323,-0.580112763155186
0.0,-1.0602128775042898,-1.263364817918701
0.0,-1.1047956440755435,-0.8500234511284451
0.0,-0.8465824254354261,-2.262283111031547
0.0,-1.2000965809978164,-0.7230572789328793
0.0,-1.3372655408270973,-0.562274390351139
0.0,-0.9060800892807088,-0.7942278223736194
0.0,-1.098665851629583,-1.3192249193849688
0.0,-0.6234088060794551,-2.128993931218897
0.0,-1.3157740470749137,-1.0329544928402903
0.0,-0.9632619731429178,-1.6176899749863156
0.0,-0.9980717659891151,-0.9270240781803135
0.0,-1.5759362406160597,1.1706439095116759
0.0,-1.2751395126388614,0.8890817988101329
0.0,-1.2947547846387675,-0.21742510175192897
0.0,-1.021075215066983,-0.9172806106490589
0.0,-1.2817768942464596,1.610224681976006
0.0,-0.6728967311321485,-2.507471428988675
0.0,-0.8133327914610246,-0.5991867405082419
0.0,-0.6579074771207163,-1.875676704082775
0.0,-1.3800420981035144,0.6344640572312796
0.0,-0.7488401233859292,-1.7027049593818546
0.0,-1.026815905796515,-1.1914485972760591
0.0,-1.4025984124107114,0.5517128958552202
0.0,-1.1635971613472775,-1.2983773309914088
0.0,-1.0497928580610523,-1.7460516568259346
0.0,-0.4434409599613849,-2.4014041916219044
0.0,-1.3468466504138814,-0.2229191554757619
0.0,-0.4907134199588077,-2.45167997914417
0.0,-1.1360716961033166,-1.1852920525724557
0.0,-1.2112738652696886,-0.1165755604030877
0.0,-0.5789704579083322,-1.557661979080168
0.0,-1.1179560283471441,-1.107829359754633
0.0,-0.8793233627012753,-1.392807615168857
0.0,-0.8417817488217652,-0.859182473781409
0.0,-1.0810345966179464,-0.4158761623292515
0.0,-1.3530803704320995,-0.8144076261648462
0.0,-1.1166418363918316,-0.9407115106060197
0.0,-1.1185089196604618,-0.2665157380490982
0.0,-0.7263206490758465,-2.384746418938824
0.0,-1.3541753061188007,-0.512739102900033
0.0,-1.192261923294617,0.6108438798791211
0.0,-1.2954549733070548,0.11386646522480293
0.0,-0.7732541489866092,-1.6216068386419469
0.0,-1.207869964633221,-0.2904524677566146
0.0,-0.9693948492953095,-1.149244755304913
0.0,-0.6542800016486853,-1.7769216381614434
0.0,-0.9653175050701422,-0.8801574596741482
0.0,-0.9251076270108041,-0.6213483604072465
0.0,-0.7301900002728146,-1.278989142594691
0.0,-0.8746806089959961,-1.0080635583630564
0.0,-1.3808266190120322,-0.06972806795409414
0.0,-0.3727163349403748,-1.2715833968251178
0.0,-1.5289449247329365,0.26386305775382746
0.0,-1.2652734840664728,-0.31070896941295345
0.0,-1.3295067124442812,0.39228424784403204
0.0,-1.0246280412268567,-0.9434484645045677
0.0,-1.0358189181716424,-0.5784038190010621
0.0,-1.2449179977896128,-0.547907516177705
0.0,-1.4842601421233292,-0.1871461523715745
0.0,-0.4925272161277847,-2.4376531489882107
0.0,-0.47725000411813945,-2.4301629354224454
0.0,-0.9824584504272044,-1.7813086451952314
0.0,-0.9748043350928752,-1.5385506672540021
0.0,-0.9897467041947392,-1.4414863533542457
0.0,-0.8305228722922161,-2.0551338861612773
0.0,-1.3453935110308657,-0.43825559536658154
0.0,-0.5550618035975985,-2.721569502347732
0.0,-1.0503647443308715,-0.6090429290541219
0.0,-0.6037396978776175,-2.6362238798259585
0.0,-1.008284363422259,-0.36526735627837814
0.0,-0.8455241743926888,-1.696389219034045
0.0,-0.8895509773291107,-1.480425731691317
0.0,-1.1995596494511418,-0.6299963049575298
0.0,-0.6252249745548901,-1.9069861488693909
0.0,-0.24237196341600653,-2.33190850772238
0.0,-0.8914339572178898,-0.9131537412692705
0.0,-1.2104620866976585,-1.0375798140893973
0.0,-1.2672975930054742,-0.3434372458362138
0.0,-1.206534312219605,-0.225086436790085
0.0,-1.0729943379369062,-0.5631909229927128
0.0,-1.1910550461154978,-0.5659934232167289
0.0,-1.4953083959677258,0.15888955891604706
0.0,-1.0744216156943447,-0.821061498364813
0.0,-0.6604967468570786,-1.6146920255432773
0.0,-1.349479759467978,0.12043568106390423
0.0,-1.5841486624254724,0.492696113012389
0.0,-1.1039358174742098,-0.45896556857413073
0.0,-1.173209284698939,-0.4655307447133581
0.0,-0.6224679000549608,-2.186533239163832
0.0,-0.8936723665912472,-1.3665127498813758
0.0,-1.0303171694294952,-1.574712161058353
0.0,-1.3016418449403409,-0.05688011505900359
0.0,-1.2573578416683016,-0.1815452067440645
0.0,-0.8217762799513463,-1.052164870077125
0.0,-0.9505199420636959,-0.7179782893810799
0.0,-0.07525988564288855,-3.225480743813167
0.0,-1.2468186940981345,-0.8796690089465302
0.0,-0.702795000196726,-1.917557033617323
0.0,-0.8974363654754826,-1.4617635973717573
0.0,-0.8982710853090697,-1.2198277569565146
0.0,-1.2791481927124142,-1.6107569601794822
1.0,-0.6245935497307742,-1.974447849034717
1.0,1.6488755126143255,-0.5638774347401392
1.0,1.1901029128653238,-0.6545959512124044
1.0,1.3043660679353763,-0.8288361830726719
1.0,1.9771374557795913,-0.25221579215818657
1.0,1.794193853769838,-0.867656815781401
1.0,1.6338186525852767,-0.41231824843699727
1.0,-0.2640162234809571,-1.8726474140030707
1.0,2.1749520612068185,0.21466341748796314
1.0,1.606981423823381,-0.8546869492855633
1.0,0.40170518743281736,-1.2070437438666282
1.0,1.5900016346369386,-0.6931112197002778
1.0,0.04419321665750309,-1.9411718181775446
1.0,1.6203533341442728,-0.7741471743306718
1.0,0.9086606575866124,-0.7695702884882301
1.0,1.9339114683014642,-0.08819150569944623
1.0,0.3094293844264344,-1.187076773340996
1.0,2.0575135332718766,-0.3116411484996444
1.0,-0.08399929238943993,-1.871262135575958
1.0,-0.3325236455216305,-1.6569320353069523
1.0,1.5473177854153715,-0.5116247720260891
1.0,0.41943837411941476,-1.3618086448096083
1.0,0.5808372056153805,-1.1955287096809217
1.0,1.5617643637596057,-0.8565163689464346
1.0,-0.23957795462911102,-1.8851887622755388
1.0,2.3305873718893206,-0.14200416811051153
1.0,0.7155812753963605,-1.3363099896014878
1.0,1.5258537800468186,-0.49843450257201893
1.0,1.6165229701926584,-0.8247931024429208
1.0,-0.3390723944776215,-1.9469621680405176
1.0,-0.23090151659724323,-1.960826221555283
1.0,1.6663229734920346,-0.4971630882392448
1.0,0.7205737748330632,0.9677782589739451
1.0,0.7441717976691926,-1.1110048742644714
1.0,0.7808979121185342,-1.1400601698968718
1.0,0.41199082050292324,-1.2546842491697332
1.0,0.48694776236626425,-1.2115311882302207
1.0,0.08230390604962912,-1.5766338557879058
1.0,0.6219289547549982,-1.3868760431517095
1.0,2.307538627380226,-0.22787696504287058
1.0,1.546066424682027,-0.7534831226392201
1.0,1.2825159559304122,-0.3938392407774889
1.0,0.1504552356301051,-2.016145210710552
1.0,0.6232320660510731,-1.1586973314813014
1.0,1.2365601285966128,-1.0646908805507493
1.0,1.3695432293067982,-0.9690463084292045
1.0,0.6671536081376273,-1.595538062136563
1.0,1.013460770373971,-0.7683625383997228
1.0,-0.028770620354666265,-1.6671927296244036
1.0,-0.10960195739912004,-1.6700038654792768
1.0,1.104846825026571,-0.7269198018874031
1.0,-0.16614755275704884,-2.179640989790756
1.0,0.013332374335054187,-1.5974389334091854
1.0,2.836618250672175,-0.028737532010583378
1.0,0.6264319393949324,-1.0370135244614058
1.0,0.4598469651126339,-1.6845265314095377
1.0,2.0850007948407807,-0.43369454974877786
1.0,1.1206317999139024,-1.0392097236735693
1.0,0.7644095052764397,-1.308246033524342
1.0,0.5704634374767992,-1.1335075015822862
1.0,1.2305004004304385,-0.5968638082146348
1.0,2.3576490098985174,-0.4098756418620809
1.0,2.152799863202408,0.03434391535980397
1.0,0.5341340771182473,-1.6109055558430243
1.0,2.0929462997681583,-0.3961824173241788
1.0,1.363446112810152,-0.752266578254865
1.0,0.5958092259333516,-1.329702893364641
1.0,0.9624711468320881,-1.0429787576517597
1.0,0.31137686142573884,-1.4358510450821544
1.0,1.687587958082205,-0.5419151181997194
1.0,0.15027980887582704,-1.6039864533138077
1.0,0.6589448397095641,-1.2813359614615982
1.0,2.157581738164447,-0.4031275610999787
1.0,0.6753796951098818,-1.3159102518082202
1.0,0.46860218939655673,-1.2345426703404292
1.0,0.9182287698280496,-0.73240755284179
1.0,0.6030793191467995,-1.0971375620671164
1.0,1.5843046895861224,-0.7847379157090186
1.0,1.60449897167152,-0.5799666702104485
1.0,1.0964914099715846,-1.249936305396112
1.0,0.4742280955778919,-1.1481223175485455
1.0,0.6207980365624717,-1.0685090435417743
1.0,0.7917043104941801,-1.1681724304619807
1.0,-0.2342063509173513,-1.468411186494229
1.0,0.9596139575171002,-0.8275565409472074
1.0,-0.10083225092869474,-1.4266607694630897
1.0,0.42029373787109836,-1.151220675225784
1.0,0.5178804696974397,-1.4562705598705943
1.0,0.9962823173257114,-1.2454527540368179
1.0,0.7724785291033869,-1.4395762478236365
1.0,-0.07896059046254966,-1.7720838806580572
1.0,0.7984771316840311,-1.3048194410701932
1.0,0.6164977415852193,-1.109736721849774
1.0,0.9540363452597479,-1.2442246347318395
1.0,-1.0797298987512836,-2.4842614884095777
1.0,1.5905350112302483,-0.7171892592408977
1.0,1.5130862177379298,-0.7092802277285319
1.0,0.9808257428900033,-1.00917154012625
1.0,0.6707017503890903,-0.7897262358202413
1.0,1.6175846208439026,-0.5110583038593635
1.0,-0.08075249354056191,-1.9684681441349947
1.0,2.229558974295844,-0.33899367542166425
1.0,0.2869793234073047,-1.295747610478082
1.0,0.5611117618068092,-1.275451660930504
1.0,1.1906687317496751,-0.9033869374708665
1.0,0.08601240135354804,-1.632955557326582
1.0,0.21958962015138317,-1.3696591926045798
1.0,-0.4751221785141657,-1.7559572997439905
1.0,0.9978870874451042,-0.7340733331465585
1.0,2.338505079944026,-0.15342553883981336
1.0,1.8655157928132429,-0.3102810543522466
1.0,2.309184853746671,-0.03825541720001269
1.0,-0.03920128437064596,-1.80993453558419
1.0,3.3960902059956606,0.7760907944711655
1.0,1.1148860954294382,-0.6909249490110112
1.0,1.6104271323814463,-0.5836508979885625
1.0,1.3915321793077775,-1.1131259068834654
1.0,1.2857098594495124,-0.897901658750138
1.0,1.0315484836034519,-0.814395961791256
1.0,-0.40038795401526395,-1.6495630738061307
1.0,0.44389324803882513,-1.5282908607307177
1.0,2.028970401001059,0.030289796686016057
1.0,0.8151142652714743,-1.1650763778385964
1.0,0.6206249048147534,-1.312882634989586
1.0,0.7506985143372318,-0.7938307116405802
1.0,1.2829143498309485,-0.7158128710349962
1.0,2.489151684553341,-0.3416776146847328
1.0,2.089692811191267,0.03154113662491054
1.0,0.0714304993284186,-1.4888758241981397
1.0,-0.10033145891926898,-1.9514684143136063
1.0,2.01494559645939,-0.2752436133861049
1.0,0.15833094201432873,-1.4225839418232271
1.0,0.9053981599117387,-0.92552891895928
1.0,0.40513173735123575,-1.9577271445268725
1.0,0.8293735774034582,-0.7686256181796205
1.0,0.0217337271201965,-1.7613180907828465
1.0,2.3931323668440925,0.0005572143886920511
1.0,0.7917100506037753,-1.3540865753050482
1.0,0.07731367199764971,-1.216382807017224
1.0,1.2166069004924502,-0.6956375251954138
1.0,-0.14554796207390575,-1.627506663812147
1.0,0.3655971022535375,-1.4017030843814342
1.0,2.068469980675573,-0.6757675838050761
1.0,1.447103915356127,-0.7798936169051456
1.0,1.3663450646632431,-1.2097160660750117
1.0,0.5416158160018104,-1.20945957069334
1.0,1.5285095931966535,-0.39357010874863985
1.0,2.9013650694598585,-0.09124741128419889
1.0,0.8714237770210752,-1.0334817733637913
1.0,0.8945208146591617,-1.2325229376334215
1.0,1.385644873869531,-0.4457258783538508
1.0,1.1739994130284275,-0.7034590402292007
1.0,-0.48497399386357243,-1.8878656933351592
1.0,0.5589926930025761,-1.4263270210938104
1.0,0.8411301601192986,-1.2025756125107465
1.0,-0.12070822873575016,-2.283727829092636
1.0,0.14774595739797614,-1.753359627405369
1.0,1.3530639113328518,-0.8788999933008392
1.0,0.5904015902669134,-0.8576259128746457
1.0,2.301163006198226,-0.15253203075215627
1.0,-0.3652763025514847,-1.9712024351288415
1.0,0.738041479296963,-1.0747887370248237
1.0,-0.3444626330963385,-1.8690831496965505
1.0,1.683206876122267,-0.7079486732227168
1.0,1.3927711258651645,-0.839885805006377
1.0,0.8045685586821842,-1.4665934924365618
1.0,1.6016420662932442,-0.7326448199688911
1.0,-0.841444864218408,-2.2394415607350426
1.0,1.5632843574713788,-0.8890485676550959
1.0,0.6866646311165847,-1.402734176148837
1.0,1.585841314689929,-0.7651976430387315
1.0,1.8624085190851718,-0.7533007989969547
1.0,1.018543333267391,-1.2200938282575562
1.0,1.2315219770237769,-0.6673564985358436
1.0,1.1810843383065555,-0.5662006882743001
1.0,1.195322742774215,-0.6271699623490588
1.0,0.8816005474414845,-0.827768842088491
1.0,2.048826016324494,-0.46876405003907806
1.0,1.296354350996919,-0.8853334342645632
1.0,0.4070210766688338,-1.1534347424851616
1.0,-0.40026970308754395,-1.996430934987885
1.0,0.0819006805265644,-1.3562042430264545
1.0,1.2623627230027008,-1.10053859097714
1.0,0.6909253480422874,-1.1739865880526639
1.0,2.4192626405260484,0.01633757357014387
1.0,0.325292395588486,-1.6378004583279084
1.0,1.4092383753169728,-0.2573980987540623
1.0,0.4822329337375667,-1.3751531603538156
1.0,1.8535546485066836,-0.3933324564318146
1.0,2.456765947820037,-0.08804037804580656
1.0,0.2778933006801494,-1.1836509507961597
1.0,2.132838657386026,0.09062305327718323
1.0,0.1800097765150458,-1.3801017150440176
1.0,0.9502379093986026,-0.9733860711594171
1.0,0.09864680501895207,-1.6979426689077308
1.0,1.4336266882258122,-0.9858641940255639
1.0,0.637118378665121,-1.4224598313183008
1.0,1.149902106694862,-0.5885880743137755
1.0,0.4848948196051317,-1.5196090410153067
1.0,0.5113561873784616,-1.3196910699258482
1.0,1.3066487692199262,-0.5290622749281964
1.0,1.4668381535399924,-0.7293736250140577
1.0,1.062389627131709,-0.6889838691157237
1.0,1.0964348107958946,-1.0227695219496877
1.0,0.20312225638212,-1.479942639079008
1.0,1.003911070023498,-1.0009000257244731
1.0,0.49919801393816465,-1.3120013029927557
1.0,1.3630409355914055,-1.1347172696037364
1.0,1.4322044817201351,-0.5092400050839809
1.0,1.0558647442909994,-0.8031807062373106
1.0,1.4812257042208663,-0.6901338094310728
1.0,1.726428530695855,-0.5159698594644522
1.0,1.6348985009644703,-0.31757024207445217
1.0,1.323556425225425,-1.092979853595073
1.0,1.654256737122975,-0.5520746158014145
1.0,0.052716903203463006,-1.9584116166393026
1.0,1.7239898136582439,-0.43930305377454526
1.0,2.2940027787023505,-0.26962405463142736
1.0,1.318647491349736,-0.39950711157002006
1.0,1.2794283509173259,-0.8360580034004352
1.0,0.9729033678334442,-0.9026444337741173
1.0,0.04805411374870472,-1.8921879857175399
1.0,2.526723538383389,-0.10520619951563759
1.0,0.8943544475774732,-1.0926782685149663
1.0,0.3051673212439596,-1.3798965138095616
1.0,2.2521606156912135,-0.035680630546869985
1.0,2.9372510408331274,0.5202948611424651
1.0,2.3769985119697314,-0.6335254995529388
1.0,0.8420652776186578,-1.2098854490446935
1.0,1.1041611180541042,-0.8747941774684127
1.0,0.8507340566983685,-1.0780100715714074
1.0,2.0975099774848527,0.05536194044548903
1.0,1.4963973343262702,-0.6724083917777188
1.0,1.1726110954995832,-0.7510345525610506
1.0,0.6445888238218113,-1.107170290187394
1.0,1.4277156339153168,-1.0115710490855454
1.0,1.5702953827353285,-0.9843134338901037
1.0,2.2143039795722457,-0.529403684356701
1.0,0.6401921561622064,-0.7942379178643756
1.0,1.3723901679635797,-1.1208820216600741
1.0,1.3955920935807353,-1.119276536974354
1.0,1.0332269366881364,-0.9700418323017078
1.0,1.447184578149528,-0.5226796703454843
1.0,0.9499500927028335,-1.3829330315437647
1.0,1.087303216898533,-1.376634351561603
1.0,0.029872155065407746,-1.0983389599709241
1.0,0.5373121180070561,-1.0628561139786667
1.0,0.6203358957090719,-1.2794110336406066
1.0,-0.3256477855771096,-1.743533926746215
1.0,0.41325528836526715,-1.801900948435862
1.0,0.8811957895482457,0.7541418558409768
1.0,0.7601525881486337,-1.1375766302010322
1.0,1.504509195726639,-1.1345355372858132
1.0,-0.8326151169482192,-2.111288421295445
1.0,1.1111208253428124,-0.945166841622938
1.0,1.4099584219208565,-0.7912540819152187
1.0,0.9799514968545209,-1.0851144869333043
1.0,0.8331009978981814,-0.6858144212565409
1.0,0.4415113666205269,-1.4737022875429904
1.0,1.393726924234917,-0.3236464113346137
1.0,1.6436620041439947,-0.3867447350076365
1.0,0.6033097886350303,-0.8783908178018822
1.0,1.8077285822738658,-0.3916124160493226
1.0,0.8837928952027424,-1.0357128591238298
1.0,2.938216835553403,0.33878245564287957
1.0,1.777686963548002,-0.2368835330806407
1.0,1.2997348428212963,-0.9740090501348471
1.0,1.5762952581009757,-0.5579052338562438
1.0,0.6210155995471751,-0.9764714216706416
1.0,1.736866149858256,-0.6453869434496141
1.0,-0.44542338300151396,-1.8899241730188026
1.0,0.6485842174669575,-1.117312395970756
1.0,-0.20504507989529652,-1.843610288425436
1.0,0.4562041021831522,-1.3377553356885574
1.0,0.4943037459353019,-1.5210235978688453
1.0,1.772841312933639,-0.3548892260440617
1.0,2.0255322392395074,-0.37348702819530055
1.0,-0.2118161613724172,-1.5159044241821955
1.0,0.9683481060633559,-0.8083510295764534
1.0,1.4806847749037324,-0.9516196803759083
1.0,1.8006089859412726,-0.5649540692245234
1.0,1.3066422806965319,-0.9974671488621896
1.0,1.5707641043970368,-1.086346038429883
1.0,0.497707872907738,-1.5556114884248105
1.0,1.3717111582681158,-0.6302921334711842
1.0,0.6990330547083765,-1.0868131860525199
1.0,1.5798391753707273,-0.2623700783501556
1.0,0.773095019781167,-0.9517404176697608
1.0,1.5098436440817258,-1.1315291124850535
1.0,0.8816721565978629,-0.9168169269456081
1.0,0.36623232896631297,-1.342202085535873
1.0,0.8229429601517497,-1.118505803776087
1.0,-0.13689188191136115,-1.6922163684539715
1.0,0.2622783225161267,-1.580433329607747
1.0,-0.13941294163329498,-1.5305977616335302
1.0,2.2277711588658073,0.04560165335182531
1.0,1.4085464087214044,-0.8435987282392623
1.0,1.7028507877396384,-0.9379719435590044
1.0,1.1243409524841115,-1.0726195279322828
1.0,0.2682854242670716,-1.1451447764785245
1.0,1.7477485382287594,-0.755960192952874
1.0,0.9926198980260371,-1.231012778899406
1.0,0.5284793011805533,-1.313719087349159
1.0,2.4357992588630837,0.06682248724167894
1.0,0.9624837525583615,-0.9773917173760528
1.0,1.0996975956949377,-0.9749165407165381
1.0,-0.32679363744917955,-2.094389354219926
1.0,0.6609322798388821,-1.217157172091463
1.0,0.42441509416729206,-1.4973289034466881
1.0,1.747935961822693,-0.4423731872880279
1.0,0.5433571754795523,-1.1222163260488367
1.0,0.1714424970148134,-1.417715034743181
1.0,1.4279610915917094,-0.6911237155767832
1.0,0.7098772881090246,-1.2659248667848242
1.0,0.911491186660466,-1.2508543264598089
1.0,1.1659541134519216,-0.9483684700230278
1.0,0.4295597951669835,-1.1330655581502185
1.0,1.0218815218331028,-1.1618457394857065
1.0,0.46842652515897887,-1.143790192091315
1.0,0.6131268780264041,-0.8909764458724739
1.0,0.6747807923120469,-0.9982127166697081
1.0,0.11671527967612849,-1.6557556300794456
1.0,0.52763623097928,-1.5062023581491149
1.0,0.2657458969258686,-1.78851793630903
1.0,1.4319759038445958,-0.7340200814704836
1.0,0.02725010251663107,-1.3734247917372
1.0,2.4114757995331333,-0.2049995316951625
1.0,1.926162488314282,-0.6082379333688471
1.0,-0.35717032180951436,-1.834741831155426
1.0,0.7853258012846005,-1.2953752345518654
1.0,1.5152260870755758,-0.775989388195207
1.0,1.2247687686430166,-0.8755744160994864
1.0,1.6190839434582929,-0.7085770823304933
1.0,1.87357865098186,-0.5442559608254045
1.0,0.2078681137019036,-1.6511331849381776
1.0,1.7739357524419135,-0.4590656937452966
1.0,1.8833378289740863,-0.13700130316929848
1.0,1.4769554805945195,-0.6400001572523171
1.0,1.1573010732290467,-0.9106595213101017
1.0,0.837023857863388,-0.7951497672709582
1.0,0.8062704760496417,-1.1167197503614652
1.0,-0.12484598158130455,-1.9711103883563745
1.0,1.3541957875804098,-0.8897970832530896
1.0,1.3263080680510178,-0.7049465793634349
1.0,0.6778101099539857,-1.2431789541647902
1.0,1.8143616867689993,-0.23489961217773503
1.0,0.4812423644709134,-1.4180645406077668
1.0,1.1700515408556045,-0.9603737567254811
1.0,1.0415154547949368,-1.0794873810327534
1.0,0.24522404215265858,-1.7301259356223242
2.0,3.6151808915817534,0.5351695335680544
2.0,1.0932063055080434,1.4547945533623823
2.0,2.047055950431261,0.3699220349564921
2.0,-0.06118264267519691,0.834588881520044
2.0,-0.5680632027501185,0.34950477549267855
2.0,0.43402048745271027,0.577562277180935
2.0,2.2134543765546404,-0.23617738850552605
2.0,1.7639544269124694,0.886845828128464
2.0,0.46431197003525604,0.71964563187389
2.0,3.760123848876296,1.237182332038337
2.0,-0.6477520979552274,1.179094960620489
2.0,-0.08216957100794553,0.9831383983917636
2.0,1.2940329850975458,1.129044563121381
2.0,2.335666950757079,-0.09516754422114015
2.0,1.9260030335374432,0.5521498042754369
2.0,1.0584308868350785,1.0950332545093855
2.0,-0.26446778447370933,0.8093976676080458
2.0,-0.23966460336653173,1.8265135044701308
2.0,-0.5769402500163581,1.0308494411181073
2.0,0.42213788989528345,0.9900744285212396
2.0,1.4194453668179197,1.393489653650555
2.0,1.5498838887770998,0.870035443681592
2.0,0.35747776350882043,0.3855578246246615
2.0,-0.08066771313385646,0.29825045849099985
2.0,1.1528673219293188,0.9013948582127052
2.0,2.755548088769699,0.5294251312190472
2.0,2.5847235489327183,0.8457211028794239
2.0,3.4418308570560785,-0.5422612580099966
2.0,1.9044409417362111,1.8981223746066715
2.0,1.3522286031854134,0.5125252199229109
2.0,1.4822826287416686,1.45398001182472
2.0,-1.37652303620796,0.9866340711849004
2.0,-0.040830021666162786,2.884107261383921
2.0,-0.905234675166231,1.68055958506875
2.0,0.8055989939189185,1.9003998102296737
2.0,0.024121741240765715,1.0901583995433868
2.0,0.6326308864115213,0.7487721528530897
2.0,0.5671712749434645,-0.4355255912821985
2.0,1.379232686152255,1.0526317111091128
2.0,-0.21856665112095985,1.0464210275765065
2.0,2.0252891034915956,1.3496661309301747
2.0,2.7342548281244974,0.3194701527626038
2.0,2.846307410517813,-0.046253178272533946
2.0,-2.171720745367841,1.9535087023858204
2.0,1.0197142789916849,0.37770413457813734
2.0,1.3992621936991387,1.6506261282758639
2.0,3.490709664279973,1.1659645639168854
2.0,-0.653533293203743,0.4624752761918878
2.0,1.129926625055616,2.21587691983773
2.0,1.047967820924563,1.4525175456729498
2.0,0.20968674034832713,0.39436631711304326
2.0,1.2390921805831747,1.337970122298635
2.0,2.226380879725384,-0.3604179726551986
2.0,1.3068505990711818,0.833312731257703
2.0,-0.7307348817560881,1.8149463012395302
2.0,0.8497251533042526,0.9028235964152131
2.0,-2.8145428283567844,2.050539945629573
2.0,1.7156108930441065,1.2898784954467035
2.0,-0.31723178015291587,0.629509564875033
2.0,1.8478417330993764,0.024474797294333217
2.0,1.3765969892708223,0.797967766609896
2.0,0.4851516824869416,0.9441707574101369
2.0,-0.16756879068779806,1.849803726077763
2.0,1.2569134843659349,0.30222789642283654
2.0,-1.1823848572528113,1.4288035149646938
2.0,0.15606848692784947,1.1341629558931887
2.0,2.0579414111474437,0.8563556577305458
2.0,1.291376086394725,1.8037451786464689
2.0,1.5984318905763424,1.5584276742967973
2.0,1.277257247158985,0.8403892506536235
2.0,1.978141675841075,0.6055182341739558
2.0,3.1429255194026626,0.6443031633653536
2.0,1.7588572148847952,0.6849301019357058
2.0,1.3322336133319208,1.3764333216212135
2.0,0.5484089742811536,0.9183667076847394
2.0,0.5021065977837392,0.6504757376534849
2.0,-0.7369959464688216,2.5928965435504097
2.0,-0.31134736262822127,0.9700420930800134
2.0,-0.7188709862979501,0.9246308343496744
2.0,1.1161440974705163,0.007149669626463129
2.0,1.3233272612021187,0.3770434233149854
2.0,-0.6063253021905823,1.097365846447182
2.0,0.66798549029809,0.5890132764731063
2.0,-0.6148819466318851,0.958777705256401
2.0,1.3683072346219118,0.8912563308218339
2.0,2.8189525612854682,0.675434062797841
2.0,0.013412193744456902,0.9087581374629665
2.0,0.9922120127827782,1.923379305034231
2.0,3.2984976440673504,0.7042144452787343
2.0,0.6500512555167813,1.0901276409248357
2.0,-0.006064561041947192,0.7904503528410224
2.0,1.540450374145749,1.7035476083877366
2.0,0.9644019150141613,1.3381491665814886
2.0,-0.7208066849007755,0.9346198612244899
2.0,-0.5439852850153089,0.7572997501821792
2.0,1.5578990997462616,1.3778649436001635
2.0,0.8063161633790484,2.2120580725175243
2.0,2.619877194735058,1.07995300876152
2.0,0.48285819220665316,1.811173315109769
2.0,1.2067641305306234,1.0605433069538293
2.0,0.3853906954239318,1.5859145229705662
2.0,1.4647453038194642,-0.18282866702279454
2.0,1.9175771521215779,1.2702575045411568
2.0,3.0857722610222704,0.5027180679147145
2.0,1.2557352249163303,-0.02777424792463612
2.0,1.249905074667579,2.3767170141432796
2.0,0.4521482861177675,0.38922860139994364
2.0,0.0468552284526349,1.2769201442658926
2.0,1.6478366032831104,0.6100338118078876
2.0,1.2220201414999283,1.0572507360702263
2.0,0.6276298529937971,1.1083364243061258
2.0,0.29473930313074104,1.2461985405870226
2.0,-1.0249705457196838,-0.5064810862350604
2.0,2.402265284937483,0.6463667560807723
2.0,1.260964133084381,0.9557365417028051
2.0,2.162481079727687,0.011480357131297803
2.0,1.8853294280441137,0.37403418385496734
2.0,2.618720018074684,0.9507636192437555
2.0,-1.7479179746215299,1.3358043064387575
2.0,0.7814566980253911,1.518688617124381
2.0,-0.07325050048927517,2.7704091614273896
2.0,0.6090521727491115,1.600828551044173
2.0,0.12623235788739007,1.9340131404503729
2.0,1.2772714683183966,0.0058716129833500386
2.0,1.8416165523190298,1.1096409434762045
2.0,0.9618011778321228,1.627039092277127
2.0,-0.04370360151195407,1.2075168555425664
2.0,-0.4980775196831697,1.1695607642466674
2.0,2.2156085719154244,1.456314223637895
2.0,1.0219146200598588,1.07688021936408
2.0,1.3546909770518152,1.919849560530588
2.0,0.4863318382710127,2.1239002060446635
2.0,0.25075067460727696,1.342945509479989
2.0,0.10214582068679878,0.4470819483410654
2.0,0.2480308509002208,1.2705150908677625
2.0,0.9015184807212651,1.5600637199835319
2.0,0.9323862353164244,0.9348937956439343
2.0,0.770631888188386,1.4038371718058058
2.0,0.846150317246012,1.0616007243381944
2.0,1.5449075939313586,0.7006608532705151
2.0,1.7904916868006389,0.2852199433337106
2.0,0.6967142751831812,0.521035736604176
2.0,0.4292872009485169,1.3064302523645586
2.0,0.9963273288364184,0.7917017215038303
2.0,1.0383161128357798,1.1323066063646934
2.0,1.3441466158164375,2.196794096098821
2.0,1.4607029937022449,0.9551944152839682
2.0,1.4609534700200113,0.6165741221681091
2.0,0.4329783709631725,0.48133352320171185
2.0,-0.30879334708555684,1.4429101633163115
2.0,0.4910967852606595,-0.15092102885842396
2.0,0.5794717803655642,1.0264250913247785
2.0,0.4151763787101531,1.0002598226271915
2.0,-0.6323540720447656,1.8351805937811103
2.0,0.38888197941433456,0.1888297080341762
2.0,0.922329937744369,1.3425239105976656
2.0,1.0901269384435917,1.3224138476007867
2.0,-1.3735941406389345,1.178830221534481
2.0,0.9403633482313128,1.8973092032142775
2.0,2.4378766454358978,1.140244548988331
2.0,0.6656843678035937,0.4487752230416159
2.0,0.13875070416616297,1.0189136741703735
2.0,2.679169533185664,1.8864032921410443
2.0,-0.9152906501965743,2.295529906476361
2.0,2.1101782740724633,1.9211280923158138
2.0,0.6906321660551503,1.325046734939225
2.0,-0.5393157327609943,0.8142556548678235
2.0,0.20017881600692022,1.788272455537856
2.0,0.8332009108982585,0.561587574037131
2.0,-0.6076155498597395,0.09590120419828496
2.0,0.30448928203753034,1.7699504391607206
2.0,1.0807077875038764,0.1409572235020592
2.0,3.13512473864229,0.794094250964366
2.0,1.4966194177820147,1.232836601950559
2.0,-0.45483693370054046,1.2863928310027517
2.0,0.13616335021163295,1.9187376556165805
2.0,-0.8057820764636365,1.662535489269951
2.0,1.6105905757150456,-0.5294934428768368
2.0,1.9776153194468526,0.7672105994666136
2.0,1.383821118376701,0.08319687236503492
2.0,0.21587596656711727,1.7561886216754685
2.0,-0.4326846078515114,1.451566941537076
2.0,2.0310643638793517,1.4788741365034375
2.0,2.890584415787113,1.088125100007616
2.0,1.00020324810278,0.4275341762254614
2.0,0.9708821783705036,0.9861384776301148
2.0,2.8948300334371924,0.037753102055950505
2.0,0.6546116345154747,0.44982176177984246
2.0,1.9937571614595382,1.984614291819243
2.0,0.06620002906538658,2.215146074508417
2.0,-0.5448197792836664,2.3636927168092874
2.0,1.8418284646810168,-0.0009044130807900341
2.0,2.286807244946732,0.33723054005708875
2.0,0.5294304957687872,1.7292473887229058
2.0,1.2997368709139097,0.7969880928485057
2.0,0.043751105256278344,-0.2320785103525227
2.0,3.3110423549059864,0.28062376130513966
2.0,1.261052025648885,1.2169979208203325
2.0,-0.3169793135145793,1.4818616155980862
2.0,-0.3963244785033808,1.987443574825881
2.0,1.6393380050165227,1.2341188895073198
2.0,2.3915062467644033,0.3531222457797647
2.0,1.843239045394526,0.5562266280720052
2.0,2.2667361636906516,0.6306231374598006
2.0,1.2947478374349726,0.45791696155601813
2.0,4.867299070696603,-0.23642102113547314
2.0,0.21160692513394463,1.4468579453131736
2.0,2.398520607401258,-0.37467622126115363
2.0,-1.2792554825134603,1.9783800007997712
2.0,0.8526401306315168,1.423960339632633
2.0,0.35904186088306767,0.8984144760950467
2.0,1.5824786922659224,1.3840760061256359
2.0,2.4271051056958934,0.25098488295799093
2.0,0.16399560027043492,2.099435732699142
2.0,1.5130003681688367,1.503203516795994
2.0,0.8062449135592261,1.2153181095627703
2.0,0.7761402618735234,0.4236383277084045
2.0,0.6522767571271124,1.080882219376939
2.0,2.4228366010852467,1.8217197396097742
2.0,-2.5031760750724676,1.6522485289924618
2.0,0.09915754149571232,0.8322227528889201
2.0,0.3062509706346527,1.0252061783300506
2.0,0.32454307241281777,1.1068306229511837
2.0,1.3753955755147715,0.953751013090707
2.0,-1.4178238426133092,1.646701345465491
2.0,0.903685642545758,0.7661933345971559
2.0,0.5158069296947326,1.3352970529263217
2.0,3.088042994969692,0.8371521825745925
2.0,0.7960006670804121,1.0879061868372946
2.0,0.20037085778506247,1.6503021921516572
2.0,0.9880246996363437,1.2134460892333612
2.0,1.8008028971887409,0.5367774802130536
2.0,-1.057446090816661,1.440073144463098
2.0,1.6323545969801252,0.40265618513716805
2.0,2.1693165153646117,0.33303056525937236
2.0,-0.12575058305885767,2.0229705830487976
2.0,2.8578639598752966,0.7991453596691624
2.0,0.40312469271940876,0.9495218316574263
2.0,2.5100284199430325,-0.2734888518391141
2.0,-1.1025999833841964,0.08507900316648587
2.0,2.2888146113863264,0.3859003715590392
2.0,-0.34874422416180506,1.9683368919654942
2.0,1.2331222943797873,0.15604640666215286
2.0,0.30080528707448073,2.069337379770522
2.0,0.7425200563218914,1.875369739058164
2.0,0.3583573879873698,0.002661220482122806
2.0,0.9313800302118649,-0.15995751070401787
2.0,0.896831012538248,0.7603961370733048
2.0,4.216725447986672,0.8522331450584033
2.0,0.1544308601505221,-0.015918317371341084
2.0,0.984542312442353,1.172330819961912
2.0,1.6490700980154205,1.6630937973880662
2.0,-0.19742239942491446,0.16594490929042027
2.0,2.287157251283711,0.47841016768676403
2.0,1.8306575618574872,0.9630598701809865
2.0,1.714986728386225,0.696947816035829
2.0,-0.6668449953934059,0.8741389258754259
2.0,0.7830421785673033,1.520451266299129
2.0,1.379281435408746,1.432866204509845
2.0,1.9107840437117247,0.6647480316271741
2.0,-1.104890864468321,1.9014147665544083
2.0,1.3534212091102131,0.2513831661532029
2.0,1.8695048892524473,1.1162053643092413
2.0,0.9887097056351737,2.443476418769013
2.0,2.0279793946874807,0.5402483817334769
2.0,-1.776132394337493,2.7496127003188278
2.0,1.6002418698133178,1.8568177160619799
2.0,0.9977847941874863,1.6286345395320176
2.0,0.37266639261538914,1.4410624480556034
2.0,1.59934701074934,1.6864487213576855
2.0,-0.6906655561989674,2.2008030006477766
2.0,-0.02109991805250666,1.7376140708006005
2.0,-0.21640207575196468,0.9489827963447962
2.0,-1.8306030646153277,1.4844669303358922
2.0,2.073664786484566,0.8047893083117419
2.0,-0.29172447186015016,0.4484809200953155
2.0,1.6428075361622212,1.6107490413924535
2.0,0.2753667490225591,-0.08503225864125064
2.0,1.54697381757789,2.4214259919798384
2.0,0.8879719248231583,1.945002625749612
2.0,0.3586591213188577,1.6005900296768607
2.0,-0.04105188949600258,1.1966965209131375
2.0,1.7715665757219734,0.284896445174712
2.0,0.05604395193877765,1.6165936625645392
2.0,-1.4340877621584616,1.6882918115815442
2.0,1.400357912269378,1.7483683570370916
2.0,0.6924702729262391,1.7774203073021777
2.0,1.1366855229740107,0.8836789717504356
2.0,2.0318459287838175,0.996364603631885
2.0,-0.5490118182250481,1.2955942412092594
2.0,1.3481137828020848,1.0870058966932914
2.0,0.601678091322545,1.877225629072015
2.0,4.080675009553035,0.1906619230496297
2.0,-0.7205091323133193,0.3324441989598521
2.0,2.7688264776506735,1.3934067451518275
2.0,1.0937590489411946,0.5937212067177886
2.0,-0.5664383907601418,0.5255516834966731
2.0,2.116615667381158,0.40862695873978305
2.0,0.8851428306352871,1.2487071091589659
2.0,0.5577662855711173,1.8573593584916028
2.0,-0.1837150359324724,0.45506071464274656
2.0,1.0675471452008098,2.01689211962481
2.0,-0.8325607346305763,1.6914079628844254
2.0,0.30781348549555265,1.5813421958171976
2.0,0.5627776727952458,0.6885302847561299
2.0,1.0985207160564454,2.0052366255004217
2.0,0.9594647097680566,0.7928241201636841
2.0,0.3377995415732943,1.0526584208125636
2.0,2.2583549697688223,1.1376711823933927
2.0,1.1737036684146096,1.11666148366014
2.0,0.0634940727047677,0.895999155092984
2.0,1.3769468240531229,1.4519406772803318
2.0,2.9572325874842136,0.23498919627195802
2.0,-0.2890136952665143,0.8879790333727459
2.0,1.2669638151735532,1.2921233932029095
2.0,2.4111764757774994,-0.16038441678825155
2.0,0.3517469116286671,1.1987299510330258
2.0,-0.16650215429384807,1.2124299847444746
2.0,1.3778474430894105,0.9718093393024763
2.0,0.4828857527657857,0.38463447114099647
2.0,0.9464706308235941,1.183536879809609
2.0,-0.14835522026516146,2.116876505050657
2.0,0.6596023981457446,1.1416648897749442
2.0,2.67680906569808,1.7257872021252587
2.0,1.5619948818362956,1.582339967448902
2.0,2.284857710384414,1.1026092030082335
2.0,2.787338356181623,0.281966272517993
2.0,-0.33382591810382656,1.1516204720804384
2.0,2.8971142824673617,1.4249888841543947
2.0,0.7720386459576941,1.232241368425066
2.0,0.29976347803584624,1.8891042508201277
2.0,2.120246661181691,0.43819226896401
2.0,1.956423537324249,1.713845814556905
2.0,0.6367673954255277,0.9683107212608725
2.0,2.4049404712433393,0.5972990021950633
2.0,1.392524567565511,1.0886819395214289
2.0,2.5122212260349044,1.8342909438643666
2.0,1.8752894496385306,0.979674116490733
2.0,-0.2699932303241339,0.7832261161720004
2.0,1.7874440275156136,0.9438276092952907
2.0,0.416650976057231,0.3287943705241161
2.0,1.4296392485138811,1.0761433774510805
2.0,1.4571421788018872,1.3825654967711816
2.0,1.2673516186710903,1.5537171532074079
2.0,1.2491492768220638,-0.7580968935964063
2.0,-0.25820495741804983,1.02494773855402
2.0,0.7382933582428093,2.1408789462851496
2.0,0.9992868193886013,1.7728762075927842
2.0,2.8520612574258153,1.207321888219044
2.0,0.8466472927116819,0.14226677917014485
2.0,0.7970979430197761,0.7954324015700233
2.0,0.010904779180013091,1.1055138965375673
2.0,-2.4402413412185524,1.9847665944219832
2.0,-0.4386130981810985,1.5990053860200026
2.0,0.31701808549932065,0.7368664137341523
2.0,-0.6516291063153998,0.9002250953642341
2.0,-0.07693936388837974,1.8657614652713714
2.0,2.481293243936284,0.4747517207079933
2.0,-0.16441888135924954,1.785670302129351
2.0,1.3600604125185747,0.014665853392915595
2.0,1.9700492555171112,0.4298091813452003
2.0,-0.42051684083498,1.8932682338201297
2.0,0.4931141017123428,0.6667878697301447
2.0,1.4680392257393662,0.6437755322435729
2.0,2.026586265687291,1.5100256235317575
2.0,1.2516913509435166,0.2721173673604578
2.0,0.8452624644084368,0.5149904448750959
2.0,2.637955094444995,-0.28698447749024014
2.0,0.05921860996730799,0.8352241417180144
2.0,-1.0011692426165166,1.431521200802299
2.0,-0.25765466181630825,1.6454730179470596
2.0,0.7843850400628899,0.5737601861171777
2.0,-1.529195927507367,1.6352594661755893
2.0,2.2056152826393967,0.8533805174975075
2.0,0.5377942469812961,1.0015636432407262
2.0,2.6765109765140496,1.539640269846961
2.0,1.0910330064188836,1.3293253921875714
2.0,0.6364552126026023,0.5743410923925478
2.0,1.8989539637121666,1.3381010183949613
2.0,1.7268573717189524,0.34938644870972246
2.0,0.45851340735023705,2.076472172034376
2.0,1.050853462298769,1.1791619707255085
2.0,0.04141917349954016,0.1579011614346686
2.0,1.5685830773268632,-0.11064567948578063
2.0,-0.5746551920301739,0.3158793973659314
2.0,1.5644108473178975,0.24819101775584718
2.0,1.0230816663297717,0.8719004025915184
2.0,1.9215136760910942,0.683999862221213
2.0,1.1248826318343172,1.746792832633103
2.0,1.809668139865312,0.8493747792908042
2.0,-1.1138692527144256,2.5425127653985884
2.0,0.28234810971996793,1.5851631595288898
2.0,0.54206040098999,1.2288855656324624
2.0,1.8660561603188974,0.7759999784599941
2.0,2.174491746245297,-0.18808945418367462
2.0,0.802760485975651,1.1783780241767616
2.0,-0.9911593286274318,1.0080079618272137
2.0,1.0460648903819558,1.063356859809383
2.0,1.4029631847804156,-0.38698993624040146
2.0,2.346349173478935,1.3555193989293985
2.0,3.468315474490782,0.9628355023652787
2.0,1.6998418253145604,1.3485997831133325
2.0,-0.5514369055853936,0.9646027326910946
2.0,0.836170827228508,0.9305510266869335
2.0,-1.7449003428185241,0.7923846378051635
2.0,2.2149122244859836,0.8477599164687888
2.0,0.9341537240697755,1.2152069614240693
2.0,0.6349865740236229,0.33831723321438234
2.0,1.5608198980053813,0.9461008092994436
2.0,0.4245423853689231,0.9580948838399049
2.0,-0.5879754003123183,0.8882191028476746
2.0,3.2201707527588805,0.5766147563068483
2.0,1.3538771138219383,0.2800683845658144
2.0,1.045662679210011,1.118307834339189
2.0,1.6827907536790476,1.2722407709858543
2.0,1.6585376342912412,0.519606502051025
2.0,3.0480159279261283,1.970864731047624
2.0,-0.6452499245859553,1.3407110852202881
2.0,0.7781067556899983,0.7945052361528053
2.0,2.392395114656323,0.6631145962595633
2.0,1.3882961063757246,1.678831426643106
2.0,2.003458889672773,0.7398665479170881
2.0,1.806282780432527,0.9143972104859186
2.0,-0.07217978938902858,1.8382204898478065
2.0,0.8541511420697254,0.6510028986388758
2.0,0.1871822044373026,1.5101905264558724
2.0,1.691789965456922,1.6313805688400747
2.0,0.5941034132232944,1.17518116641744
2.0,2.9689975721537114,0.13780834677034992
2.0,0.11810393938797226,1.2856822852820304
2.0,0.02363214607610975,1.4658474064587008
2.0,0.042020592248291355,2.16466512678596
2.0,3.9684880536362126,1.659706812213382
2.0,1.847223583272622,1.5520863051068132
2.0,0.4264685433746078,1.1046306044796042
2.0,0.967437618809533,2.7266748049492384
2.0,1.699155309302542,0.18261873064111622
2.0,0.1089050896321021,0.04853539207090585
2.0,0.801665093389553,1.0399857068737872
2.0,1.4084411722970689,0.3285336323079825
2.0,0.20165362646151552,0.7590764247654244
2.0,0.5308776878931304,1.0492168689184054
2.0,3.3212418615189767,1.0422559935384526
2.0,1.8380929152601184,1.0363023267185827
2.0,1.14015933096379,1.3479871048330856
2.0,1.4783014214713635,0.5659427401744913
2.0,0.8366559891699826,1.4819444641280115
2.0,-0.723484932536129,0.9596877655511052
2.0,1.3821116566364,-0.18079746845696576
2.0,-0.6793591016424403,0.8897569810914148
